{"cameraMode":{"drawMode":0,"name":"Shaded","section":"Shading Mode"},"sceneLighting":true,"audioPlay":false,"sceneViewState":{"showFog":true,"showMaterialUpdate":false,"showSkybox":true,"showFlares":true,"showImageEffects":true,"showParticleSystems":true},"in2DMode":false,"pivot":{"x":-10.884920120239258,"y":-42.10300064086914,"z":-53.57550811767578},"rotation":{"x":-0.3664046823978424,"y":-0.5622241497039795,"z":0.30482083559036257,"w":-0.6758154034614563},"size":88.99996948242188,"orthographic":false}