{"cameraMode":{"drawMode":0,"name":"Shaded","section":"Shading Mode"},"sceneLighting":true,"audioPlay":false,"sceneViewState":{"showFog":true,"showMaterialUpdate":false,"showSkybox":true,"showFlares":true,"showImageEffects":true,"showParticleSystems":true},"in2DMode":false,"pivot":{"x":-28.555097579956056,"y":-16.18830108642578,"z":3.1115124225616457},"rotation":{"x":-0.25222325325012209,"y":0.6215649247169495,"z":-0.22149118781089784,"w":-0.7078322768211365},"size":18.139467239379884,"orthographic":false}