{"cameraMode":{"drawMode":0,"name":"Shaded","section":"Shading Mode"},"sceneLighting":true,"audioPlay":false,"sceneViewState":{"showFog":true,"showMaterialUpdate":false,"showSkybox":true,"showFlares":true,"showImageEffects":true,"showParticleSystems":true},"in2DMode":false,"pivot":{"x":-2.04020357131958,"y":-3.8778324127197267,"z":18.399822235107423},"rotation":{"x":-0.21147605776786805,"y":-0.04484958201646805,"z":0.009703876450657845,"w":-0.9763228893280029},"size":14.860950469970704,"orthographic":false}