{"cameraMode":{"drawMode":0,"name":"Shaded","section":"Shading Mode"},"sceneLighting":true,"audioPlay":false,"sceneViewState":{"showFog":true,"showMaterialUpdate":false,"showSkybox":true,"showFlares":true,"showImageEffects":true,"showParticleSystems":true},"in2DMode":false,"pivot":{"x":1.8935546875,"y":2.5363945960998537,"z":-25.72146987915039},"rotation":{"x":-0.0069327219389379028,"y":0.815021276473999,"z":0.009794252924621106,"w":0.5793886780738831},"size":4.207394599914551,"orthographic":false}