{"cameraMode":{"drawMode":0,"name":"Shaded","section":"Shading Mode"},"sceneLighting":true,"audioPlay":false,"sceneViewState":{"showFog":true,"showMaterialUpdate":false,"showSkybox":true,"showFlares":true,"showImageEffects":true,"showParticleSystems":true},"in2DMode":false,"pivot":{"x":82.99589538574219,"y":-21.69127082824707,"z":-119.3294677734375},"rotation":{"x":0.025048842653632165,"y":0.9511157274246216,"z":-0.0800788626074791,"w":0.2973394989967346},"size":79.35102844238281,"orthographic":false}