{"cameraMode":{"drawMode":0,"name":"Shaded","section":"Shading Mode"},"sceneLighting":true,"audioPlay":false,"sceneViewState":{"showFog":true,"showMaterialUpdate":false,"showSkybox":true,"showFlares":true,"showImageEffects":true,"showParticleSystems":true},"in2DMode":false,"pivot":{"x":-17.377822875976564,"y":4.161605358123779,"z":25.126243591308595},"rotation":{"x":-0.0015290447045117617,"y":0.997246265411377,"z":-0.07192684710025788,"w":-0.020948953926563264},"size":6.147375583648682,"orthographic":false}