{"cameraMode":{"drawMode":0,"name":"Shaded","section":"Shading Mode"},"sceneLighting":true,"audioPlay":false,"sceneViewState":{"showFog":true,"showMaterialUpdate":false,"showSkybox":true,"showFlares":true,"showImageEffects":true,"showParticleSystems":true},"in2DMode":false,"pivot":{"x":1.4412318468093873,"y":8.017224311828614,"z":3.55078125},"rotation":{"x":0.2588873505592346,"y":0.40387484431266787,"z":-0.12030163407325745,"w":0.8691336512565613},"size":9.99598217010498,"orthographic":true}